GEOID,NAME,ohca_cases,COUNTY,EP_AGE65,EP_DISABL,EP_UNINSUR,EP_POV150,EP_NOHSDP,EP_UNEMP,EP_NOVEH,EP_MINRTY,gwr_intercept,gwr_b_EP_AGE65,gwr_b_EP_DISABL,gwr_b_EP_UNINSUR,gwr_b_EP_POV150,gwr_b_EP_NOHSDP,gwr_b_EP_UNEMP,gwr_b_EP_NOVEH,gwr_b_EP_MINRTY,gwr_local_R2,gwr_t_EP_AGE65,gwr_t_EP_DISABL,gwr_t_EP_UNINSUR,gwr_t_EP_POV150,gwr_t_EP_NOHSDP,gwr_t_EP_UNEMP,gwr_t_EP_NOVEH,gwr_t_EP_MINRTY
13009,Baldwin,0,Baldwin,15.9,16.5,11.7,31.9,13.5,7.4,6.3,47.8,1.8807622525145569,-0.937721210916955,-0.6553528041467519,0.6419079058666345,-0.520301839823293,-0.05559576025267552,-0.25401623603874174,0.02806379736624886,0.3260264441339108,0.6697108052675336,-3.3923061876322294,0.0,0.0,0.0,0.0,0.0,0.0,0.0
13027,Brooks,2,Brooks,19.1,14.7,15.4,37.7,16.1,6.8,5.2,44.5,1.001772535200794,-0.2766819263008783,-0.40095331120408967,-0.07923001590958272,-0.25369827188457367,-0.054074961247603276,0.22752936737912738,0.032889159205672,-0.15864401632321803,0.3890145082540362,0.0,0.0,0.0,0.0,0.0,0.0,0.0,0.0
13103,Effingham,3,Effingham,11.7,10.7,9.3,16.1,10.6,5.9,2.4,22.9,1.7396100207338614,-0.15948902328222123,-0.2585773819041039,0.41677449280722834,-0.7039005747255752,-0.7253651572402795,-0.027116820328797447,0.703119420315807,0.4363493203501382,0.5173986374465266,0.0,0.0,0.0,0.0,-2.760454469328107,0.0,0.0,0.0
13121,Fulton,232,Fulton,11.7,10.0,10.1,21.1,6.9,5.8,11.1,60.7,1.8680422058342891,-0.47290425214636483,0.27559811804267903,-0.05151316386646715,-0.26142217498193093,-0.7039392310726094,0.06999744761137998,-0.35716589999424075,1.1831245103047574,0.7387224096735039,0.0,0.0,0.0,0.0,-2.583716926767814,0.0,0.0,4.687934863322293
13141,Hancock,0,Hancock,22.9,16.1,12.6,39.2,29.7,2.5,12.8,75.6,2.217101558211717,-0.9470673027244626,-0.679652188530984,0.627797983175046,-0.62986730467164,-0.12893015965126378,0.03108164618216976,0.25457589851065215,0.18041589345353484,0.6735601268705893,-3.4018279828926437,0.0,0.0,0.0,0.0,0.0,0.0,0.0
13149,Heard,1,Heard,16.7,25.5,12.0,27.3,18.1,7.4,4.8,15.2,1.124466736545328,-0.8975536683130938,0.42879599994300505,0.293895675721722,-1.0393193447429552,-0.2920468718795507,-0.5888413954099875,-0.14579777167408606,1.4522253693711649,0.755134934080127,-3.023778916059168,0.0,0.0,-2.8079834119843827,0.0,-2.6321976243132466,0.0,5.558574319538762
13179,Liberty,4,Liberty,9.1,14.4,9.8,25.9,8.1,9.3,4.4,61.7,1.753685718424797,0.1240694396956394,-0.25756311087600026,0.3526316077577268,-0.6613164960579035,-0.5624259018901419,0.047919797637522084,0.4020168418124761,0.44958038821402957,0.4690984316434474,0.0,0.0,0.0,0.0,0.0,0.0,0.0,0.0
13183,Long,1,Long,8.9,19.6,15.0,35.2,14.0,12.4,7.3,43.2,1.7149534323539575,0.16131571803868827,-0.25869779812353233,0.289421413683856,-0.6044001204197171,-0.505608484914824,0.0686137624579487,0.3105475365840928,0.41218220181598925,0.4517021427880396,0.0,0.0,0.0,0.0,0.0,0.0,0.0,0.0
13189,McDuffie,55,McDuffie,17.7,13.0,13.9,32.3,15.6,6.3,8.1,46.8,2.3684049010037707,-0.9835637281361156,-0.42650301452054695,0.43746688913253756,-0.7905820376259135,-0.3945043895332153,0.2595460641789583,0.5793476377475387,0.1685870490598714,0.6509618925597721,-3.475770968449763,0.0,0.0,0.0,0.0,0.0,0.0,0.0
13209,Montgomery,0,Montgomery,16.8,15.0,15.7,31.9,16.7,7.8,5.5,34.9,1.2951500045709783,-0.1625922819929915,-0.26604515980380083,-0.05238368127179979,-0.14110305793167513,-0.38007728035199684,0.11932312780864174,0.24767162357395822,0.16518690781871323,0.38234323893825417,0.0,0.0,0.0,0.0,0.0,0.0,0.0,0.0
13229,Pierce,3,Pierce,17.1,12.3,16.1,31.1,16.0,5.0,3.8,15.9,1.5625569254986416,0.1809941126079304,-0.30043568730615783,0.13570708670127385,-0.5083689147921424,-0.3115575814684433,0.13465217691305945,0.11217146980757195,0.20942492742685287,0.40470767153253584,0.0,0.0,0.0,0.0,0.0,0.0,0.0,0.0
13267,Tattnall,3,Tattnall,13.6,17.6,15.2,33.9,22.6,5.7,6.4,43.1,1.6256736455060397,0.03277310305634299,-0.2548778550618228,0.20742379179460294,-0.4930257162622649,-0.5270423345789573,0.05207695007541215,0.3528957969544452,0.36020173180239495,0.4530849052008255,0.0,0.0,0.0,0.0,0.0,0.0,0.0,0.0
13271,Telfair,2,Telfair,18.2,15.2,9.6,41.3,28.2,1.5,8.8,51.0,1.061492264646663,-0.18649323580201532,-0.30643372665669505,-0.21181836839173723,0.0037317198355291403,-0.15669478013165666,0.24007711707107526,0.054146859780658384,-0.053001386216863275,0.27851420523699627,0.0,0.0,0.0,0.0,0.0,0.0,0.0,0.0
13291,Union,4,Union,33.1,19.3,13.2,25.5,10.9,4.8,5.6,6.3,2.3837131910638587,-0.4802337511361548,0.5248100615110716,-0.36047481692799416,-0.07780331456295353,-0.8257860058636324,0.5356731233352098,-0.367647466207126,1.0808678147456732,0.7117175654211341,0.0,0.0,0.0,0.0,-3.313120928086218,0.0,0.0,4.622853748486131
13305,Wayne,4,Wayne,15.8,14.3,16.2,31.2,15.4,5.4,8.1,28.9,1.6617827243198955,0.199461786925709,-0.2698833516180166,0.22733673348279182,-0.560966668562027,-0.4223604563503477,0.10063780104029581,0.2045563134853679,0.345179297661814,0.4295298083272877,0.0,0.0,0.0,0.0,0.0,0.0,0.0,0.0
13319,Wilkinson,1,Wilkinson,19.3,14.2,10.6,33.5,13.9,7.5,7.3,43.3,1.4818585720862156,-0.7754938772460489,-0.42508769936864244,0.34696758608909234,-0.3773364963298806,-0.0365881268295754,-0.2126180469849725,-0.0022019184526898047,0.31206704898758963,0.4861977162116417,-2.6780750514950764,0.0,0.0,0.0,0.0,0.0,0.0,0.0
13283,Treutlen,0,Treutlen,17.2,20.6,18.0,42.6,23.6,8.9,11.5,31.0,1.2385350096886187,-0.41165520987804916,-0.2560924209275739,-0.08146038496080761,-0.09972364484269446,-0.41104886185630785,0.09164816719300026,0.3639512992220691,0.208592443929616,0.4101515468584334,0.0,0.0,0.0,0.0,0.0,0.0,0.0,0.0
13289,Twiggs,0,Twiggs,22.6,17.2,10.3,22.0,20.4,4.1,6.9,45.1,1.187073362025666,-0.6887735668201741,-0.2834792913478955,0.28611343818241197,-0.2439545745723211,-0.051132236377275875,-0.24204144884421133,-0.07889528282552075,0.3962828103222946,0.4218549096095687,0.0,0.0,0.0,0.0,0.0,0.0,0.0,0.0
13313,Whitfield,0,Whitfield,13.9,10.7,17.7,29.3,28.6,6.0,5.5,41.9,2.239316846970505,-0.2114498593593565,0.46622009004383513,-0.4445635362607423,-0.08301436584889846,-0.641828986233326,0.29148771090092973,-0.5328548860711345,1.370385879152689,0.7272815785903555,0.0,0.0,0.0,0.0,0.0,0.0,0.0,5.369673110110344
13317,Wilkes,0,Wilkes,23.4,16.0,13.2,34.5,18.8,2.3,10.3,48.8,2.5107430005204834,-0.8835542313659227,-0.5024408101119161,0.3206066667028579,-0.4943380615760576,-0.3978548962832415,0.5452508250356279,0.4932549298503481,0.07223523006389122,0.693112227019259,-3.629138438417251,0.0,0.0,0.0,0.0,0.0,0.0,0.0
13051,Chatham,504,Chatham,15.4,15.1,14.0,23.8,9.9,7.4,7.7,52.1,1.7846255189740792,0.0339491484423991,-0.2595635803132673,0.43832097048009794,-0.7335801547832136,-0.644586867989224,0.013450059692928023,0.5496232360015257,0.47783230425742934,0.49215126497872047,0.0,0.0,0.0,0.0,0.0,0.0,0.0,0.0
13077,Coweta,135,Coweta,13.9,11.2,9.8,15.4,9.6,3.9,3.5,29.4,1.0780271044260115,-1.0140402595195426,0.4752540152406374,0.27715398199151814,-0.93960388567858,-0.3823711086699341,-0.7272807009621982,-0.17523812000035666,1.4526455019066173,0.7586157845659928,-3.3442639220281603,0.0,0.0,-2.680806070169842,0.0,0.0,0.0,5.507059709541615
13123,Gilmer,1,Gilmer,25.0,20.4,18.7,25.9,15.6,3.1,4.1,14.3,2.304823362405688,-0.33891626852603385,0.5063004469076778,-0.3934333153141601,-0.0954613704746778,-0.7335587019445567,0.4216122022904418,-0.4609720848728221,1.2470157401969142,0.7224355078994604,0.0,0.0,0.0,0.0,-2.813287066388889,0.0,0.0,5.187157567375295
13133,Greene,1,Greene,29.5,14.1,16.5,27.4,13.0,4.4,4.6,42.0,2.3696648238990154,-0.9003159908465335,-0.639541549557616,0.5094816180833298,-0.47158730571037927,-0.24390816609488417,0.3278814418249932,0.3699597302747789,0.1035114885917974,0.7186676550765263,-3.2896732244530487,0.0,0.0,0.0,0.0,0.0,0.0,0.0
13137,Habersham,0,Habersham,18.5,16.7,14.7,23.2,19.8,2.4,5.4,23.7,2.4448640622977704,-0.6405106088114683,0.4256188536176499,-0.24875314702703316,-0.11922727808411347,-0.8892000460941836,0.5967859714987196,-0.11783505716756493,0.7864430338558802,0.7062465574636776,-3.043919692149432,0.0,0.0,0.0,-3.637598269673191,0.0,0.0,3.402510641489849
13139,Hall,4,Hall,15.0,11.7,16.8,22.6,20.8,3.5,5.6,39.7,2.416536374273314,-0.6217286666641697,0.4610411395329181,-0.18836721556185454,-0.16678298659379107,-0.8828570101844511,0.5633616085407168,-0.15312828866071498,0.8662146663085805,0.713260720705169,-3.002522235525557,0.0,0.0,0.0,-3.591278342396963,0.0,0.0,3.734547560158001
13143,Haralson,3,Haralson,16.1,17.2,11.9,21.2,17.7,4.3,4.3,9.5,1.7341335173451147,-0.2589193315332334,0.3277786899394944,-0.10280166386371511,-0.3519161206110769,-0.5099114010204181,-0.31117660608551584,-0.47091881156689186,1.434557071369368,0.7453385684399819,0.0,0.0,0.0,0.0,0.0,0.0,0.0,5.549342522131922
13157,Jackson,102,Jackson,14.4,14.1,10.8,17.4,14.7,3.9,3.3,19.2,2.4545535419882736,-0.724820587256999,0.220840055725012,-0.017674503645027862,-0.2590173228029255,-0.798386653771256,0.6001424768270543,0.0997813754448566,0.5703174254390185,0.7137513743922157,-3.399986218181822,0.0,0.0,0.0,-3.0313090502127253,0.0,0.0,0.0
13171,Lamar,0,Lamar,17.6,18.9,12.6,24.0,12.8,8.1,6.4,34.9,1.1292423000722362,-1.1004198860101637,0.1527885146161091,0.7311719184262707,-0.8414191792174501,-0.5770818236300896,-0.7832907042640725,-0.04673466140676572,1.1198224060149427,0.7799453855243048,-4.276791986421656,0.0,2.619864107328255,-2.7028180329212277,0.0,0.0,0.0,4.044423878659836
13181,Lincoln,0,Lincoln,24.0,19.3,12.9,29.6,15.4,4.1,8.3,33.5,2.4666845106766755,-0.9113527895624047,-0.4230755739304659,0.27975731847492935,-0.5629115541480836,-0.46474218387441124,0.4837817650792056,0.541597180596879,0.10366939125170604,0.6773027653298059,-3.7248162041897133,0.0,0.0,0.0,0.0,0.0,0.0,0.0
13185,Lowndes,35,Lowndes,12.3,11.3,15.2,32.5,11.7,5.8,9.2,46.9,1.0969233877329219,-0.2196409128440191,-0.41966833752425625,-0.07450089224263746,-0.3070668257865413,-0.048697193555727415,0.22959923653084024,0.03158048847421712,-0.1696154796750674,0.37223256574946256,0.0,0.0,0.0,0.0,0.0,0.0,0.0,0.0
13195,Madison,19,Madison,16.7,17.8,14.4,30.3,16.7,6.3,3.4,19.8,2.5855944960514443,-0.7729262589039854,-0.06515847987526292,0.06394036575977344,-0.320511704287176,-0.6561068451632752,0.7314546951784329,0.34354080724375685,0.2812590259367784,0.7097395044730183,-3.510814338481782,0.0,0.0,0.0,0.0,0.0,0.0,0.0
13213,Murray,0,Murray,14.6,12.2,15.0,25.5,27.7,6.5,5.0,18.3,2.2509960801285294,-0.26926332635408023,0.47658707970911857,-0.4134706275535675,-0.0823023931868827,-0.6859121128471272,0.3482214317824789,-0.5137286439934025,1.3092228303337554,0.7253213106772124,0.0,0.0,0.0,0.0,-2.549903657979166,0.0,0.0,5.307352205485703
13217,Newton,69,Newton,13.0,15.1,13.6,23.8,12.9,6.2,5.2,55.0,1.7454520152145514,-0.9055926988487409,-0.18891267627445846,0.4164347078103987,-0.4518267424563479,-0.48466716160075707,-0.09194740869077551,-0.025191111523108673,0.6811005882149834,0.7622198644910158,-3.291550400943097,0.0,0.0,0.0,0.0,0.0,0.0,2.561305295899252
13237,Putnam,0,Putnam,23.6,20.0,13.6,31.1,12.3,3.5,6.1,34.4,2.0971763285663587,-0.8882002369636449,-0.7840227684674195,0.6977561476324131,-0.43725189734897457,-0.15037263550012456,-0.05776324187896118,0.16629726818193433,0.18589490758703742,0.7332475711452514,-3.2209037310766737,0.0,0.0,0.0,0.0,0.0,0.0,0.0
13245,Richmond,394,Richmond,13.9,17.9,13.4,33.8,14.3,9.3,10.6,66.2,2.1161393221355365,-0.915602756562006,-0.21287038076459805,0.3893989546402075,-0.8131597175772338,-0.6014900292327491,0.08039150746457878,0.7587640062243115,0.24856820327564766,0.6203652930465879,-3.2224410823316174,0.0,0.0,0.0,0.0,0.0,0.0,0.0
13251,Screven,1,Screven,19.0,16.3,13.6,28.1,16.8,6.1,6.5,45.5,1.6936881930840906,-0.41105474853782026,-0.2647539974916172,0.32494226984326124,-0.6164643602488795,-0.846022785734929,-0.022482918006954122,0.9198122699705048,0.34539442148958444,0.5535730066648346,0.0,0.0,0.0,0.0,-2.9887228791140044,0.0,3.027647416032937,0.0
13269,Taylor,0,Taylor,20.6,21.7,15.5,43.2,20.5,4.8,8.6,42.5,0.9439066369999056,-0.6119514403686644,0.011450424250571007,0.5892755070456103,-0.7481418468140051,-0.6378363676003892,-0.3888575122202026,0.0890713212332832,1.0306770836299468,0.6850615596296633,-2.6299826663386683,0.0,0.0,-2.8796531876140885,0.0,0.0,0.0,4.0376901018835065
13279,Toombs,19,Toombs,16.3,17.3,17.9,36.6,16.5,7.2,8.0,40.2,1.4808053184581182,-0.04189336417667671,-0.2585247858968381,0.0726482924175116,-0.3160146678548299,-0.47244389302160644,0.07910895637809562,0.30145009487805097,0.2668687660426615,0.4201409738660464,0.0,0.0,0.0,0.0,0.0,0.0,0.0,0.0
13021,Bibb,0,Bibb,15.6,16.1,12.1,34.9,13.6,7.4,12.0,62.4,1.281251560113539,-0.9230727070673644,-0.22484404630350632,0.6620188389944183,-0.5732631693885931,-0.26551279877412864,-0.5599885885669814,-0.06178011322054376,0.7625005497281755,0.657634203958023,-3.266351844809671,0.0,0.0,0.0,0.0,0.0,0.0,3.245597630507304
13029,Bryan,22,Bryan,10.8,11.7,9.9,15.2,7.2,7.0,3.7,27.9,1.7443429192278628,0.028419434400335453,-0.2543430764341816,0.3737744765310481,-0.6751642395375578,-0.6098022442130538,0.02280818584729533,0.4905590456873034,0.44880563490601333,0.485766093378116,0.0,0.0,0.0,0.0,0.0,0.0,0.0,0.0
13219,Oconee,37,Oconee,15.1,9.9,6.7,9.2,5.1,2.9,1.8,16.3,2.3675018729837913,-0.7824207098126428,-0.26516087707386987,0.26419418355356494,-0.37108082665780706,-0.4789639478383518,0.4963616086809004,0.25761992908706555,0.3015333083926504,0.7273453727067314,-3.3887994576252516,0.0,0.0,0.0,0.0,0.0,0.0,0.0
13007,Baker,0,Baker,29.8,19.6,13.6,39.2,16.8,14.0,7.6,49.9,0.7540237284392052,-0.2594497924065248,-0.21235455920992866,0.005964958792618651,-0.283730314730342,-0.21334163829233493,0.08290786846864757,0.11808429929931241,0.13799430225606218,0.4539704876072322,0.0,0.0,0.0,0.0,0.0,0.0,0.0,0.0
13001,Appling,0,Appling,17.2,15.1,12.3,37.3,22.8,3.8,8.2,31.1,1.5507959374267424,0.1478511164848764,-0.2719239606698078,0.11929384818485446,-0.4265743456423392,-0.3749139034168452,0.11478941962439296,0.1459320794254661,0.25853579590770603,0.4020571407052192,0.0,0.0,0.0,0.0,0.0,0.0,0.0,0.0
13079,Crawford,0,Crawford,18.5,21.3,12.1,27.0,16.9,8.6,7.2,26.7,1.0794820519452895,-0.9125925404755016,0.005295695987288799,0.7241041553442562,-0.7487177226917239,-0.5054411679478064,-0.6020061785694842,0.018580080002039746,0.9977083754801199,0.6915419504120293,-3.360390277685923,0.0,2.847691703237847,-2.6271188680712347,0.0,-2.6280510797157683,0.0,3.9449889811522407
13135,Gwinnett,25,Gwinnett,10.0,7.1,15.7,19.1,12.1,4.0,3.0,63.9,2.173874354273939,-0.6080239424562252,0.3356099244502525,0.004037309569311629,-0.2542576379071222,-0.836833597601522,0.384664162371711,-0.19317370991058586,0.8954985279627415,0.7251175220603052,-2.9469015602643043,0.0,0.0,0.0,-3.3173496226623413,0.0,0.0,3.8508280972824447
13311,White,0,White,22.7,18.4,12.7,18.3,15.3,3.5,2.5,7.7,2.3944269106099902,-0.5749059242451814,0.4696155991848624,-0.2781073775984471,-0.10720909481005629,-0.869679150382442,0.5599317855206706,-0.2341285163970933,0.9139250851842057,0.7103965617108167,-2.7521059941418686,0.0,0.0,0.0,-3.5771573399366714,0.0,0.0,3.9886499677343887
13261,Sumter,4,Sumter,16.6,13.1,12.2,33.1,15.8,6.5,8.5,61.0,0.7266401241573548,-0.26158868350230857,-0.11268524650307142,0.08819157925413311,-0.3546658891712883,-0.3621281407607672,-0.02917859406190702,0.17522601133018367,0.3636263276453339,0.4631583227938698,0.0,0.0,0.0,0.0,0.0,0.0,0.0,0.0
13025,Brantley,4,Brantley,16.4,17.3,16.7,37.0,19.5,4.7,3.6,8.1,1.6240439615366278,0.22324745579116362,-0.2995942485307159,0.19033260251223147,-0.5710855862413103,-0.33660134087804255,0.13339131083727554,0.13723406624772644,0.2618390754672774,0.41514125581761235,0.0,0.0,0.0,0.0,0.0,0.0,0.0,0.0
13075,Cook,0,Cook,16.1,15.9,18.9,35.5,19.3,4.6,7.2,35.6,1.0281726363380843,-0.3016803699445804,-0.4204078580231053,-0.12141568532935616,-0.26501004067812733,-0.023101239134265185,0.26360202718744746,0.05504270230706646,-0.18871322544496186,0.37020724221407547,0.0,0.0,0.0,0.0,0.0,0.0,0.0,0.0
13303,Washington,1,Washington,18.1,17.6,11.2,36.9,15.9,5.1,8.5,57.8,1.8301061929575029,-0.8975294919751188,-0.4269284756478561,0.36669558065463936,-0.6442512101014028,-0.24250065561995515,-0.06612206497949176,0.3055254961192966,0.31272177712866983,0.5654273848845384,-3.142869008690776,0.0,0.0,0.0,0.0,0.0,0.0,0.0
13201,Miller,0,Miller,22.0,13.6,15.7,33.3,14.6,7.0,15.0,32.4,0.7272547784985446,-0.2638846343825309,-0.1872787763686625,0.02705352879813584,-0.3006215731141564,-0.245147710642067,0.07052726950517026,0.11852412077382009,0.1840886987501888,0.468875175028509,0.0,0.0,0.0,0.0,0.0,0.0,0.0,0.0
13265,Taliaferro,0,Taliaferro,29.4,18.9,13.2,37.7,22.2,4.2,10.6,63.5,2.435909607959888,-0.9265640778264373,-0.6127324738232898,0.47456372401871544,-0.5811997145432076,-0.2717974261962094,0.3731285499347457,0.4497528404325959,0.08487299325750128,0.6913864377035417,-3.360693778255256,0.0,0.0,0.0,0.0,0.0,0.0,0.0
13107,Emanuel,16,Emanuel,16.0,19.3,18.8,39.5,20.8,8.0,11.1,40.9,1.4610075063594523,-0.48988328796993424,-0.25581732949170904,0.08563858438378395,-0.36375330176503007,-0.5964129438876491,0.025782880171053686,0.6106254196332631,0.30654125373194735,0.49965880893129644,0.0,0.0,0.0,0.0,0.0,0.0,0.0,0.0
13215,Muscogee,206,Muscogee,13.3,17.8,12.0,30.1,11.9,8.6,10.1,60.2,0.9724143293972444,-0.560762638587526,0.10557246100248294,0.5720796008244946,-0.8753278181160172,-0.7405422883863174,-0.3584218094148416,0.13940465916387348,1.1023893874065438,0.7316833780924732,-2.554199627000424,0.0,0.0,-3.2121638036284423,0.0,0.0,0.0,4.417878581419981
13301,Warren,4,Warren,22.2,16.2,11.0,35.0,24.9,3.7,13.4,62.3,2.286100051335142,-0.9650182129611997,-0.49793788924569693,0.4573922619312286,-0.7114319764405476,-0.3052337370466933,0.18809863787798364,0.44157825056669586,0.19002933353804355,0.6595264429134123,-3.4954370889607995,0.0,0.0,0.0,0.0,0.0,0.0,0.0
13309,Wheeler,3,Wheeler,14.7,9.9,18.3,41.2,25.1,7.2,12.9,44.2,1.1119959546927607,-0.17897718220782838,-0.2701045906367353,-0.16821044239528243,0.043927343312662195,-0.26701285692681986,0.17788621071720012,0.13657458201393274,0.04844792065587404,0.30037844845578876,0.0,0.0,0.0,0.0,0.0,0.0,0.0,0.0
13031,Bulloch,13,Bulloch,11.3,13.3,12.8,33.1,11.8,9.0,5.0,36.8,1.6650489541448774,-0.2112501493340978,-0.25683830089096504,0.31051238142059284,-0.596557495689238,-0.694606667173476,-0.015349242522233223,0.6555807434381566,0.39290908080560477,0.5119823368251954,0.0,0.0,0.0,0.0,-2.692321836110726,0.0,0.0,0.0
13019,Berrien,2,Berrien,17.9,17.5,21.7,34.9,20.4,5.8,6.0,18.4,1.091372630159585,-0.26160154873174263,-0.41847817106985935,-0.12702182559542996,-0.2819252884878763,-0.032845141706781725,0.2602499715394222,0.06063641598306941,-0.18194263607525538,0.3518003067140996,0.0,0.0,0.0,0.0,0.0,0.0,0.0,0.0
13113,Fayette,78,Fayette,18.3,11.2,7.4,9.9,4.5,4.2,2.9,39.5,1.144947286246391,-1.020231894749718,0.40220596995801383,0.27958980952318885,-0.792556516020979,-0.48325852429441735,-0.6610057545819398,-0.19053298209069303,1.3572220754588167,0.7616377848493916,-3.413178730895776,0.0,0.0,0.0,0.0,0.0,0.0,5.0856149372286374
13151,Henry,344,Henry,11.7,9.6,10.9,16.6,8.2,5.7,1.9,58.9,1.3484963486784427,-0.9724348661276563,0.13660310493025263,0.39598752432044965,-0.5913569197347469,-0.5864998435093983,-0.42895450416883396,-0.16017710399978383,1.053784505534337,0.7667895841805882,-3.6514874804766237,0.0,0.0,0.0,0.0,0.0,0.0,4.03456872540083
13191,McIntosh,1,McIntosh,26.7,20.6,12.5,27.0,13.5,4.1,6.2,38.0,1.751857139612965,0.20820980914637782,-0.26570964724867685,0.33285223191224034,-0.6617705050832883,-0.49731241540425886,0.08120367028042154,0.3110090819116316,0.43105394045992107,0.45242598231396175,0.0,0.0,0.0,0.0,0.0,0.0,0.0,0.0
13063,Clayton,830,Clayton,9.4,11.0,18.3,31.1,15.1,7.1,7.5,90.4,1.3820795000215877,-0.8824908402720368,0.27723903730840543,0.2194380559583465,-0.5545702320015669,-0.6054288641610106,-0.36569602667773277,-0.23842233989877504,1.1972942966402187,0.7548028402690349,-3.158793525181128,0.0,0.0,0.0,0.0,0.0,0.0,4.626942097199842
13159,Jasper,1,Jasper,18.0,18.5,13.2,29.8,14.9,5.1,3.2,25.7,1.7261137318659259,-0.8909680102458757,-0.5751233278750737,0.670542496535511,-0.4799434911156757,-0.3034050671686481,-0.2807864143487061,0.041966723471468154,0.488216195227553,0.7732217196248303,-3.230532547470772,0.0,0.0,0.0,0.0,0.0,0.0,0.0
13003,Atkinson,1,Atkinson,12.9,15.3,20.9,44.9,32.3,6.4,5.0,44.2,1.2698128459520874,-0.05396407099504165,-0.39800415110103754,-0.07207311868520988,-0.3740581420243198,-0.07503972066443329,0.22913637886469362,0.055562463238123895,-0.10707038223124099,0.3461777667749894,0.0,0.0,0.0,0.0,0.0,0.0,0.0,0.0
13117,Forsyth,7,Forsyth,11.9,7.3,8.5,8.2,6.6,3.3,1.6,30.3,2.329481356072093,-0.4989845202006535,0.4881503336336662,-0.22685300137968545,-0.17347718459896805,-0.8311141983554361,0.481875501627574,-0.28835091893793224,1.0568782557356646,0.7218007663047312,0.0,0.0,0.0,0.0,-3.3408536139572664,0.0,0.0,4.532787688921061
13169,Jones,0,Jones,17.7,13.6,7.3,22.3,8.3,4.0,4.1,29.2,1.639376956874528,-0.9034032806828328,-0.6110035152813118,0.7568468557764866,-0.5039752524872158,-0.15251632098764523,-0.44820104876550715,-0.044054957990135625,0.4964192395084446,0.7160700283087326,-3.2493413517929555,0.0,0.0,0.0,0.0,0.0,0.0,0.0
13197,Marion,0,Marion,20.6,16.2,12.7,26.0,20.1,6.5,6.4,41.2,0.7890613600755138,-0.4149736218653955,0.04750396192173594,0.4253639033780962,-0.7100151677435338,-0.7064964833154558,-0.267881563101115,0.17463096646666262,0.9570473583794338,0.6507203951254547,0.0,0.0,0.0,-2.6692563427712925,0.0,0.0,0.0,3.6281255331851807
13059,Clarke,256,Clarke,10.9,12.5,12.4,39.1,10.5,5.8,8.7,45.1,2.482497070121624,-0.7719930070351995,-0.17030108994723714,0.17731571206280924,-0.3576426075609745,-0.555330021996376,0.6261340528900516,0.30259147237723355,0.2914659538780053,0.7198208956542976,-3.4370154797312877,0.0,0.0,0.0,0.0,0.0,0.0,0.0
13069,Coffee,0,Coffee,14.0,17.7,15.6,34.2,25.2,4.2,7.3,42.2,1.2539119558775893,-0.04590058803117339,-0.36035773883199995,-0.08891795672894305,-0.2796345583376128,-0.1330544914326095,0.21030607372174392,0.05329676457729409,-0.06540917826033892,0.33538007144926574,0.0,0.0,0.0,0.0,0.0,0.0,0.0,0.0
13083,Dade,0,Dade,19.3,17.5,12.4,24.6,18.5,5.0,4.7,7.4,2.170012863069485,-0.10831641717212816,0.4339515510396365,-0.456018319452975,-0.11395128268431315,-0.5572435798974327,0.14481002018722508,-0.5604598494501696,1.4629790017500341,0.7304071148993903,0.0,0.0,0.0,0.0,0.0,0.0,0.0,5.418980361281603
13145,Harris,0,Harris,18.4,16.2,7.1,11.3,6.4,6.3,2.0,23.5,1.098024066423585,-0.7271236538074994,0.1650422177123394,0.7053002408304537,-0.9385544127343041,-0.7150835768131029,-0.4460161311941638,0.10129665841811106,1.155163282521171,0.7580305840857411,-3.2162645731895325,0.0,2.671942296205042,-3.3355314169917567,0.0,0.0,0.0,4.513256400132642
13023,Bleckley,3,Bleckley,17.0,18.9,10.4,31.4,10.4,6.7,1.7,31.9,0.9194716541540702,-0.42117083770348995,-0.2738809213474751,-0.09724017610170911,0.07633770328644583,-0.08702967415599104,0.04720557455291099,0.030109881490249533,0.11636304163753872,0.24548711744972043,0.0,0.0,0.0,0.0,0.0,0.0,0.0,0.0
13037,Calhoun,0,Calhoun,15.5,17.6,15.3,40.9,24.5,11.0,9.0,67.5,0.6963136670748398,-0.25940086298719517,-0.12935520445025656,0.04055400508191104,-0.3475221657156051,-0.30458981126095586,0.038923740493904194,0.15808371782840003,0.2642814214723369,0.4783332182729887,0.0,0.0,0.0,0.0,0.0,0.0,0.0,0.0
13053,Chattahoochee,1,Chattahoochee,3.0,12.7,4.9,35.9,5.8,11.8,5.0,43.4,0.8324893837711844,-0.4327977920923476,0.05670677186335148,0.4202227343642795,-0.7975241048499964,-0.709548603170979,-0.2686731587288686,0.16791806736017736,1.0213093995659797,0.6930880841740039,0.0,0.0,0.0,-2.9778589532425257,0.0,0.0,0.0,4.07777408725468
13093,Dooly,0,Dooly,20.1,17.1,16.2,29.4,19.5,9.2,9.2,57.6,0.7927992096971237,-0.2651437270273402,-0.20270220558673535,-0.011797440229790228,-0.1464745466721934,-0.21703059919349477,0.027050105506230507,0.12177994027986756,0.15692158052139876,0.3357583867029478,0.0,0.0,0.0,0.0,0.0,0.0,0.0,0.0
13111,Fannin,10,Fannin,29.1,24.5,11.8,26.6,12.0,5.8,4.6,5.7,2.3319769655354285,-0.38008434501032135,0.5216057359707386,-0.39731251249247135,-0.08202283788188294,-0.7609807714878922,0.4694948510845122,-0.4510004396480331,1.205067459904134,0.7175456814650144,0.0,0.0,0.0,0.0,-2.96436645095018,0.0,0.0,5.0574871592102895
13243,Randolph,0,Randolph,22.2,16.2,12.1,51.2,26.0,8.8,18.5,68.0,0.6672151211573794,-0.25895544768425616,-0.06823003274012161,0.09459217106748005,-0.4670027646034047,-0.42829989881100977,-0.022598221012989472,0.1946779254001985,0.46421510715451164,0.5311321563083709,0.0,0.0,0.0,0.0,0.0,0.0,0.0,0.0
13257,Stephens,0,Stephens,20.1,18.9,15.0,22.8,18.4,6.4,5.9,18.2,2.495782003965583,-0.7061899477390691,0.31985005968390856,-0.18575575282771453,-0.1610118788452795,-0.8786956425300958,0.6382909692573702,0.05323576618108732,0.6057427132441647,0.703479342261029,-3.3275564520892256,0.0,0.0,0.0,-3.5143850131356955,0.0,0.0,2.574981482063481
13287,Turner,3,Turner,19.0,18.0,13.0,40.1,20.8,7.4,17.2,46.7,0.9195753935511712,-0.26020940252373953,-0.353685314563661,-0.14736838410534173,-0.1889226091552633,-0.06922484369192004,0.19188613850373498,0.10919461942065427,-0.1049599968887251,0.35667464327099796,0.0,0.0,0.0,0.0,0.0,0.0,0.0,0.0
13295,Walker,0,Walker,18.4,18.5,14.1,27.1,16.8,6.8,4.6,9.4,2.1738294913195437,-0.1362851416345029,0.43047748958411697,-0.43901941776389364,-0.10590471649344885,-0.5818766752202588,0.17018087382462666,-0.5510156877842936,1.4321546201739008,0.7310895252169961,0.0,0.0,0.0,0.0,0.0,0.0,0.0,5.410622736339288
13233,Polk,0,Polk,15.4,15.3,15.7,30.2,19.3,5.4,6.5,28.2,1.9430905991059062,-0.12461357268999086,0.32754338036118735,-0.25796529712480115,-0.23147011196433212,-0.5214327651023916,-0.10869417729708389,-0.5153543789125951,1.4554226099687428,0.7429182140554837,0.0,0.0,0.0,0.0,0.0,0.0,0.0,5.478529743651511
13239,Quitman,0,Quitman,31.0,22.9,24.6,25.3,29.0,21.4,9.0,57.9,0.6903545519959625,-0.2809348865260121,-0.040433234899918964,0.1535632384069581,-0.61294399705947,-0.5280229845065969,-0.08076437116591892,0.19654993435441043,0.6829332981834537,0.6062762287194726,0.0,0.0,0.0,0.0,0.0,0.0,0.0,2.5843290042986724
13205,Mitchell,2,Mitchell,16.9,17.9,20.0,42.5,20.1,10.9,14.6,54.3,0.8238052520867855,-0.26530006064890566,-0.2787883620712838,-0.02557701831803395,-0.24513577701770167,-0.14877707230609868,0.12255564098882822,0.08810432459375225,0.035017766758794734,0.4335893377391224,0.0,0.0,0.0,0.0,0.0,0.0,0.0,0.0
13315,Wilcox,0,Wilcox,16.8,12.0,16.9,36.2,16.5,5.9,4.7,41.2,0.9083239277287053,-0.2775829662209006,-0.34051381205945497,-0.24144608423030572,-0.028315615095307837,-0.0768312451329074,0.2307203469181198,0.08962682345589025,-0.1185088790778361,0.28001981060763204,0.0,0.0,0.0,0.0,0.0,0.0,0.0,0.0
13273,Terrell,0,Terrell,19.3,15.4,17.9,43.5,23.5,7.4,10.1,64.3,0.6953285761274386,-0.2543109137938161,-0.11102904130364517,0.05203810065741591,-0.36319019833698335,-0.3352412119872488,0.015216862755874765,0.17747733023590048,0.3064889418881046,0.47562162036520966,0.0,0.0,0.0,0.0,0.0,0.0,0.0,0.0
13073,Columbia,169,Columbia,13.6,12.5,8.4,12.3,7.0,4.8,2.6,32.1,2.340392208810762,-0.9905456631683185,-0.31213634016599495,0.3786078302261576,-0.7867097414675793,-0.4974061877942914,0.2531988362314925,0.6520487071724076,0.18962744134094942,0.6454031857651874,-3.4877374880783893,0.0,0.0,0.0,0.0,0.0,0.0,0.0
13223,Paulding,5,Paulding,10.8,11.2,11.7,14.3,9.5,4.3,2.6,30.9,1.9354185731792564,-0.22649065802361026,0.3086452653182848,-0.20150264309980162,-0.2222757875367543,-0.5884702038570978,-0.033490439209939764,-0.4700466694871278,1.3648586489271612,0.7422027471197308,0.0,0.0,0.0,0.0,0.0,0.0,0.0,5.28282257978154
13047,Catoosa,1,Catoosa,17.7,17.3,10.7,18.2,11.1,3.5,4.6,9.4,2.2191524124182265,-0.18780877612113012,0.45841216995809747,-0.4494966535851462,-0.08346006963273257,-0.6231646847186338,0.2610128821872759,-0.5483666218215842,1.3905861124445238,0.7272750697552559,0.0,0.0,0.0,0.0,0.0,0.0,0.0,5.377743297660017
13235,Pulaski,3,Pulaski,20.5,20.3,12.9,32.1,20.5,5.2,13.3,42.3,0.8335879017534001,-0.3110771698877377,-0.2726274087038444,-0.16138189420860505,0.0699667696535867,-0.11062237984968054,0.11918026724859827,0.05622835238777201,0.025488670235308323,0.23602302819011517,0.0,0.0,0.0,0.0,0.0,0.0,0.0,0.0
13249,Schley,0,Schley,15.9,16.8,13.7,24.7,14.2,8.0,5.9,35.0,0.7270331073611979,-0.3310019147579155,-0.009456633085790433,0.29044727838877893,-0.533645062346918,-0.5892439952111498,-0.1805062386499429,0.19029039419212074,0.7139910924082903,0.554577617189864,0.0,0.0,0.0,0.0,0.0,0.0,0.0,2.5511100547629324
13065,Clinch,1,Clinch,15.1,16.7,21.3,50.6,27.8,3.8,8.1,35.0,1.3512697142529213,0.002805887388563965,-0.39215944362169763,0.0009397008843288898,-0.4812071898175013,-0.09668630438616918,0.20595711454114646,0.05440735978852535,-0.060784274607733536,0.37915446928669244,0.0,0.0,0.0,0.0,0.0,0.0,0.0,0.0
13161,Jeff Davis,0,Jeff Davis,15.4,18.3,18.9,36.4,21.6,5.3,9.1,29.0,1.3346218199519284,0.03795776508711338,-0.2986368757229246,-0.03873607000221983,-0.2358706082216623,-0.256615957593614,0.1642200429774787,0.0720320037954037,0.07410117491473396,0.34617117304647954,0.0,0.0,0.0,0.0,0.0,0.0,0.0,0.0
13011,Banks,2,Banks,16.7,18.8,13.6,26.0,24.9,3.7,2.9,12.4,2.4948915705546093,-0.7092939651848008,0.33759349575036146,-0.14145214048364205,-0.18850542789200941,-0.8716795881061229,0.6278553760832505,0.04022238006550974,0.6388448468344643,0.7072565583826764,-3.3481281873554725,0.0,0.0,0.0,-3.439955541670062,0.0,0.0,2.7090320993503054
13207,Monroe,0,Monroe,18.5,17.5,11.3,21.7,13.2,3.7,4.8,27.6,1.302180228134937,-1.0233762164687104,-0.1288140363033076,0.7613781709861625,-0.7250184506145216,-0.4547999775114388,-0.6822639533209602,-0.010927793911413724,0.8987469547185836,0.7642586010627269,-4.0041280898378675,0.0,2.784938720333327,0.0,0.0,0.0,0.0,3.442450530799529
13057,Cherokee,1,Cherokee,14.0,10.7,11.0,13.1,7.9,3.8,2.6,21.8,2.166618810675803,-0.3509764446841939,0.41051573180161677,-0.2584945573105828,-0.1242084475817869,-0.7473668865026231,0.31573195122216596,-0.4408708038682474,1.1926823085061171,0.731297054509684,0.0,0.0,0.0,0.0,-2.917601072054941,0.0,0.0,5.06720578314078
13085,Dawson,1,Dawson,19.9,14.7,13.2,14.1,11.7,5.1,1.3,9.1,2.3507501038131906,-0.4500683509775904,0.5157504288232354,-0.3150872059844284,-0.12773226442998062,-0.8064290375134673,0.4892558430445646,-0.3553119927588652,1.1221749088371673,0.7202074897667381,0.0,0.0,0.0,0.0,-3.214319698169588,0.0,0.0,4.801120264584496
13225,Peach,1,Peach,15.8,18.1,12.9,29.6,15.6,9.7,9.8,54.5,0.9904175864530215,-0.7239597807928215,-0.08051141946533623,0.4554253122788056,-0.46851484581409225,-0.33969036617016557,-0.39182053965264896,-0.003512621331931133,0.7428839457614301,0.5447815861413737,0.0,0.0,0.0,0.0,0.0,0.0,0.0,2.9731991726146823
13253,Seminole,0,Seminole,23.2,21.2,18.2,34.5,15.7,4.8,9.8,38.7,0.7388040608185714,-0.26921436935444304,-0.2013500878477536,0.029070754652812766,-0.2863050409770095,-0.23366662835757418,0.07828128746594337,0.10262811615395077,0.16597795627835898,0.46893325424408183,0.0,0.0,0.0,0.0,0.0,0.0,0.0,0.0
13277,Tift,0,Tift,14.8,13.4,18.3,33.8,16.8,2.8,9.0,44.9,0.9790994903584274,-0.2990811616979333,-0.38988865655789556,-0.14480002261681457,-0.2218412422363714,-0.03749030624483863,0.23821154055869648,0.08068895417931125,-0.16292553508496188,0.3652581738869757,0.0,0.0,0.0,0.0,0.0,0.0,0.0,0.0
13015,Bartow,2,Bartow,13.9,13.1,14.9,22.4,13.8,5.8,3.7,24.2,2.1106920300193353,-0.2161995118065521,0.37624664590633106,-0.31850576719630375,-0.12143823674133765,-0.6449173263914079,0.16454334639656107,-0.5006929783693794,1.3317808501916164,0.7363402098738551,0.0,0.0,0.0,0.0,0.0,0.0,0.0,5.304923066001452
13095,Dougherty,1,Dougherty,15.8,16.5,15.7,40.1,15.6,10.4,12.2,75.3,0.773815708626746,-0.2559748610171414,-0.22187154484879962,-0.01045554002198929,-0.26651532470500283,-0.19658344260636942,0.08497500967067809,0.12443267538236712,0.11464933431865892,0.4340831263425067,0.0,0.0,0.0,0.0,0.0,0.0,0.0,0.0
13049,Charlton,3,Charlton,15.8,22.6,17.6,38.5,19.8,13.7,6.7,38.7,1.5293329159087543,0.15100046435401404,-0.3339202275932957,0.12981983953757256,-0.5710354691456032,-0.2374080720971718,0.15613264559053366,0.09439395001882679,0.1273575222918463,0.4095718698360083,0.0,0.0,0.0,0.0,0.0,0.0,0.0,0.0
13177,Lee,22,Lee,13.0,11.9,9.6,17.0,7.8,4.7,2.3,29.0,0.7504510993779719,-0.24916765377320477,-0.17890458672148749,-0.008881803071937665,-0.27926541715456354,-0.23147016729709916,0.06390960520127263,0.1564849937114612,0.14891137704123428,0.42755907699806894,0.0,0.0,0.0,0.0,0.0,0.0,0.0,0.0
13167,Johnson,2,Johnson,19.0,20.3,15.1,36.0,26.0,11.8,8.2,38.0,1.4206883188685182,-0.6651885581931151,-0.2817079907570871,0.04923196054347552,-0.3230009036079988,-0.3937472958071034,0.020262047471799997,0.4218985597164504,0.26916593842463593,0.4652508940838387,0.0,0.0,0.0,0.0,0.0,0.0,0.0,0.0
13043,Candler,0,Candler,18.1,18.6,18.4,39.4,21.6,5.1,7.9,39.9,1.5624536732555703,-0.2639624021919995,-0.2564477630076189,0.18410101537628615,-0.4536009580157281,-0.6442271002856799,0.007965322058736278,0.5892928475013053,0.340706521721918,0.4952082903481206,0.0,0.0,0.0,0.0,0.0,0.0,0.0,0.0
13187,Lumpkin,0,Lumpkin,17.8,12.6,10.7,28.2,14.0,4.8,3.5,9.5,2.360367689729577,-0.5025811923688202,0.5019952389724601,-0.30190180028639807,-0.11096131848821694,-0.8370481168342409,0.5232236283494016,-0.3252123671863165,1.0396822466170688,0.7156912351468397,0.0,0.0,0.0,0.0,-3.4025126818864746,0.0,0.0,4.511830883466461
13099,Early,0,Early,19.1,16.0,19.4,43.4,19.0,8.2,11.3,55.4,0.6921163518373025,-0.2634292680247861,-0.12941549930386986,0.048606595542409724,-0.3591790209247909,-0.31241867925260897,0.03855109808110074,0.1489420976150557,0.2827703207901729,0.4917149234201458,0.0,0.0,0.0,0.0,0.0,0.0,0.0,0.0
13089,DeKalb,865,DeKalb,12.4,10.8,13.3,23.5,9.7,6.7,8.5,70.9,1.8692892696865016,-0.6220965974593385,0.25194522375668893,0.0895139547214641,-0.302139589610093,-0.7779976084341116,0.13179581831222056,-0.27122228714058355,1.0195862990763276,0.7360413520043481,-2.6952422745746305,0.0,0.0,0.0,-2.8236718777516505,0.0,0.0,4.206616363945003
13285,Troup,6,Troup,14.8,16.3,10.9,30.6,14.8,5.8,9.4,44.2,1.117591348215789,-0.8845232049867847,0.3061907997489898,0.6093023603686524,-1.0342632403351657,-0.5236889591270544,-0.5244947063757239,-0.004678698138225069,1.2934934692805604,0.7631167124743056,-3.4868195424924564,0.0,0.0,-3.2057820931549914,0.0,-2.5511083256576605,0.0,4.921216743436912
13115,Floyd,0,Floyd,16.6,16.0,14.9,29.2,16.3,5.6,8.6,29.6,2.0569445763666505,-0.11416279993411396,0.3652709337697783,-0.34339341846250954,-0.16039725500954521,-0.5540173764229148,0.021956666069905983,-0.5333084928342199,1.4386560486218192,0.7385707671716147,0.0,0.0,0.0,0.0,0.0,0.0,0.0,5.447555500626332
13125,Glascock,6,Glascock,16.9,14.5,7.0,29.0,23.9,1.4,10.7,12.8,2.133668164318193,-0.9725748615579757,-0.4115253929734844,0.4507333881386036,-0.7807042512294206,-0.3304922975607084,0.049046085160728586,0.45216202294271174,0.2691750809040307,0.62824321640512,-3.4833807407461594,0.0,0.0,0.0,0.0,0.0,0.0,0.0
13255,Spalding,2,Spalding,18.2,15.3,14.2,30.0,17.1,4.3,7.0,42.2,1.0992031752133435,-1.0939470319486566,0.29619042974801524,0.5418595707151368,-0.8309211539879331,-0.5723874876801791,-0.7426422239255289,-0.10988174895869399,1.2275787576076884,0.7768128700120898,-4.053281749239447,0.0,0.0,0.0,0.0,0.0,0.0,4.489826394715165
13259,Stewart,0,Stewart,14.6,21.2,12.5,40.4,27.3,9.2,11.9,77.4,0.6910069092151768,-0.3046827193089475,0.006609556161989671,0.2267426913262072,-0.6664380092235607,-0.6104959922045419,-0.13778337760005752,0.20900569884588596,0.7976361018036202,0.6234409942428614,0.0,0.0,0.0,0.0,0.0,0.0,0.0,3.008087448959395
13067,Cobb,28,Cobb,12.3,9.1,12.2,15.5,7.4,4.8,3.6,49.0,2.016232487429698,-0.3299305722802157,0.31674719114825295,-0.175449102974548,-0.17743972823072798,-0.6956824813236842,0.14472745530568862,-0.4228828372050506,1.2367111610765382,0.7379252642520432,0.0,0.0,0.0,0.0,-2.5921803978923452,0.0,0.0,4.98079798901115
13081,Crisp,1,Crisp,18.8,19.3,18.9,46.9,17.3,12.0,14.2,50.4,0.8367365679532314,-0.235997500852066,-0.28033366648721597,-0.1068148386005114,-0.17380853395070206,-0.13420665560553297,0.12252776687320568,0.13580191559480523,-0.0007248906741471575,0.3538446217696291,0.0,0.0,0.0,0.0,0.0,0.0,0.0,0.0
13165,Jenkins,4,Jenkins,17.2,15.8,18.3,49.8,21.9,3.9,8.8,44.7,1.6345876817421037,-0.5218789186444515,-0.257370104036317,0.2247798451932157,-0.5452420655437461,-0.7573498771142574,0.0066086379811717425,0.834048597854777,0.3200153996913369,0.5544924072202618,0.0,0.0,0.0,0.0,-2.728697371568712,0.0,2.81197171131583,0.0
13299,Ware,4,Ware,17.0,13.8,15.7,36.9,18.5,4.2,8.7,37.2,1.4779456426109756,0.12213550637161608,-0.344555279225742,0.07120115911613462,-0.5148760983040553,-0.19808946555092463,0.17014135209036546,0.07329070371528147,0.0747803884354903,0.39381725998761796,0.0,0.0,0.0,0.0,0.0,0.0,0.0,0.0
13307,Webster,0,Webster,24.9,17.3,18.0,33.0,20.4,6.3,4.1,47.0,0.6794258874051746,-0.27619879657602203,-0.03281710727413816,0.1733803024752931,-0.5293013965260912,-0.5210124961337939,-0.09247155874884319,0.2055868233140469,0.6125756233490655,0.5558227990406504,0.0,0.0,0.0,0.0,0.0,0.0,0.0,0.0
13035,Butts,1,Butts,15.6,15.5,10.5,31.2,19.9,5.1,4.0,34.2,1.3711430063846084,-0.9845454657064004,-0.13175609429534793,0.6076535512920677,-0.6303823735785737,-0.48734602214790385,-0.5220027763730059,-0.05905505930255395,0.8817645743499537,0.7828241793382235,-3.720039964156934,0.0,0.0,0.0,0.0,0.0,0.0,3.1790218668888786
13193,Macon,5,Macon,17.1,18.6,20.8,42.9,27.7,9.2,12.9,68.6,0.8163039046310392,-0.3887020876875396,-0.09223174750282634,0.28178979492154815,-0.4376935374069905,-0.4633743401383654,-0.1874292345214105,0.11332908509633392,0.6529661870246243,0.5217791054359008,0.0,0.0,0.0,0.0,0.0,0.0,0.0,0.0
13293,Upson,0,Upson,18.3,17.3,12.0,31.3,17.3,4.3,12.5,32.9,1.0952117904455765,-0.9980194625305769,0.1678743418818848,0.829392636068053,-0.9578542073167486,-0.625021555840541,-0.6434018246463811,0.031932565974593125,1.14671403287427,0.765917318189011,-4.069165301779071,0.0,3.0744408829866914,-3.350826521419445,0.0,-2.9657911271947968,0.0,4.173584878097419
13055,Chattooga,0,Chattooga,17.6,18.3,11.8,36.0,27.7,4.9,5.9,17.4,2.08625690645601,-0.11486374732554612,0.3886714638276197,-0.37473179709576804,-0.142393088645593,-0.5594218917555909,0.06150429377117428,-0.5470341677859643,1.4374589304823953,0.7354760105177673,0.0,0.0,0.0,0.0,0.0,0.0,0.0,5.446258287634011
13321,Worth,0,Worth,19.2,16.9,17.2,27.8,15.0,6.4,6.7,32.9,0.8748494042742228,-0.2551101409176364,-0.32014738529148457,-0.08552489925808575,-0.2327607596609667,-0.10209112964635633,0.15090862151505952,0.10619638022608241,-0.03606884410481356,0.4000301543404671,0.0,0.0,0.0,0.0,0.0,0.0,0.0,0.0
13101,Echols,4,Echols,13.6,12.7,25.3,30.3,23.1,2.4,2.7,40.9,1.2563443240653946,-0.09400292719542933,-0.4169390858512824,-0.028246087946240707,-0.43841851933904286,-0.05998036912251205,0.22040959304964328,0.039549024488072695,-0.12395800841721079,0.37884358471479007,0.0,0.0,0.0,0.0,0.0,0.0,0.0,0.0
13109,Evans,0,Evans,16.2,13.3,17.8,38.7,23.0,7.7,4.4,43.8,1.6532257972935462,-0.05177492157188002,-0.25269567854315084,0.26477540660965126,-0.5544089778545314,-0.5892128265953455,0.024334550583133423,0.46476921992209724,0.38787948331000893,0.4797003919891834,0.0,0.0,0.0,0.0,0.0,0.0,0.0,0.0
13211,Morgan,52,Morgan,19.9,14.1,11.4,13.0,11.3,3.0,4.4,27.8,2.146148572862984,-0.8730934210131348,-0.5115022034463513,0.4611130406608156,-0.4081448333825284,-0.29468468830644823,0.18817666930321406,0.20089910002536213,0.2911997450565253,0.7443138089823627,-3.2314350418473645,0.0,0.0,0.0,0.0,0.0,0.0,0.0
13005,Bacon,0,Bacon,15.6,19.2,19.1,39.3,17.6,4.3,7.7,26.8,1.4707327857215835,0.12266657327418304,-0.303863336425603,0.06121066898943689,-0.40897463971867026,-0.2786416908273691,0.14393423689382542,0.08555034911232164,0.1406872577410057,0.3842760068467674,0.0,0.0,0.0,0.0,0.0,0.0,0.0,0.0
13045,Carroll,48,Carroll,13.6,14.7,11.9,25.8,15.0,6.2,3.9,30.5,1.4438099800757627,-0.5833332371143888,0.4107166358326175,0.0158570333363512,-0.6045206683165586,-0.4156007433768824,-0.5303901865267638,-0.35945958886399065,1.469577391611192,0.7486817716624941,0.0,0.0,0.0,0.0,0.0,0.0,0.0,5.613222545248283
13087,Decatur,0,Decatur,16.3,15.5,16.3,35.1,17.1,6.5,8.7,50.1,0.7865808563739197,-0.27078045611165985,-0.25414735515542003,0.0035421579871232297,-0.25312381305914405,-0.1807264881840879,0.1123353903066284,0.07921959513362872,0.07556527927895408,0.4538168641413774,0.0,0.0,0.0,0.0,0.0,0.0,0.0,0.0
13061,Clay,0,Clay,30.5,22.4,14.2,44.9,17.1,10.1,8.8,57.7,0.664792034855949,-0.26118454659904317,-0.06856979157418341,0.08922489632710157,-0.4800944725831416,-0.4274534063433245,-0.01576789689591101,0.18943565746991864,0.4705606476638645,0.5417512448078354,0.0,0.0,0.0,0.0,0.0,0.0,0.0,0.0
13199,Meriwether,5,Meriwether,20.4,21.6,13.5,32.7,18.5,5.6,9.9,43.6,1.0730061259509531,-0.9762876762386871,0.3080895283512113,0.6813229123944021,-1.0476191544448765,-0.5572760504554937,-0.5852625938930676,-0.00011204191787178854,1.2746755975813824,0.7708889649225898,-3.8970654575798993,0.0,0.0,-3.3801366103161774,0.0,-2.7836720838420765,0.0,4.8373746066689565
13091,Dodge,0,Dodge,18.2,19.9,10.6,34.3,14.3,4.6,6.7,35.7,0.8852579884597799,-0.36624847005800837,-0.2739677830461826,-0.27084701086227647,0.1576777297593737,-0.12143086809496104,0.22852200451193186,0.05483904475432108,-0.00674454060989656,0.2352887000979641,0.0,0.0,0.0,0.0,0.0,0.0,0.0,0.0
13119,Franklin,1,Franklin,19.0,19.2,15.2,29.4,18.4,4.5,4.7,16.9,2.5185226356935115,-0.7398507366053487,0.1926585380245955,-0.0909463074812283,-0.22517594446419992,-0.8224426648206609,0.6602549378568879,0.183772625508013,0.4701524822381007,0.7055492158177205,-3.4703063884339658,0.0,0.0,0.0,-3.1819655707345653,0.0,0.0,0.0
13129,Gordon,0,Gordon,15.0,15.3,16.5,28.5,22.1,3.5,6.7,22.8,2.177182721235879,-0.2244145298274331,0.4229850553382881,-0.37713811746665094,-0.09489902319234339,-0.6552545507616978,0.2439151322461454,-0.5183096592176453,1.33396035858868,0.7317679244810564,0.0,0.0,0.0,0.0,0.0,0.0,0.0,5.335289734012361
13175,Laurens,91,Laurens,17.5,14.5,13.0,36.5,13.7,5.0,5.9,43.3,1.0401687418503016,-0.4811507367671062,-0.2593985909752402,-0.1529999015483848,0.08751512358367655,-0.2268310155751361,0.09723738626270016,0.18471053447919358,0.13559110280603773,0.306739659821062,0.0,0.0,0.0,0.0,0.0,0.0,0.0,0.0
13247,Rockdale,281,Rockdale,14.3,11.2,13.9,25.3,10.7,6.6,3.8,69.9,1.7457397342307808,-0.8250289836783494,0.07890180879848716,0.2602297642620837,-0.4051559081359316,-0.6548957912070769,0.004187650348576367,-0.1491519401559949,0.8711151818815127,0.7472084299412703,-3.1888930763015217,0.0,0.0,0.0,0.0,0.0,0.0,3.418719656071531
13147,Hart,2,Hart,22.7,21.0,12.7,25.5,17.2,6.2,5.4,25.4,2.6017441151577647,-0.776289711311544,0.020927786530658854,-0.028063166294438724,-0.26485525744399213,-0.7536813481143808,0.7373982146319965,0.342257261197073,0.2882143152891628,0.7013313948432721,-3.5743049235701636,0.0,0.0,0.0,-2.7482231340333136,0.0,0.0,0.0
13017,Ben Hill,0,Ben Hill,17.1,12.1,20.1,42.8,16.4,6.1,9.5,44.7,1.0221495023699256,-0.3265792475251139,-0.3682711830232514,-0.24214632194406968,-0.11086862316164851,-0.06207388688651712,0.291295169686129,0.07648642267929442,-0.1603566569248798,0.30106454773351,0.0,0.0,0.0,0.0,0.0,0.0,0.0,0.0
13071,Colquitt,0,Colquitt,15.2,15.2,22.1,39.9,25.4,7.6,7.1,44.7,0.9352944637859407,-0.28759127354695635,-0.36523875394288535,-0.0907465669159242,-0.23472878527668392,-0.06440044177463836,0.20340302575819422,0.06470950505794783,-0.1180586575794784,0.4011319206652495,0.0,0.0,0.0,0.0,0.0,0.0,0.0,0.0
13033,Burke,3,Burke,15.7,12.9,10.1,30.7,18.6,4.4,9.6,52.6,1.8020333350115283,-0.7008041438485821,-0.22570179358365286,0.28103739648285564,-0.6671951646454959,-0.7227241596048983,0.0331913597108125,0.8571052745456014,0.2842065084179547,0.5884998537227816,-2.5569464668246553,0.0,0.0,0.0,0.0,0.0,2.7252941164827944,0.0
13297,Walton,13,Walton,15.6,12.5,12.1,21.0,12.8,4.8,3.1,26.2,2.162669367074389,-0.7686915263128201,-0.08004632925211921,0.24876057186045175,-0.35950800846876885,-0.5767853270019409,0.333897635195522,0.058632727724186914,0.5501921799699117,0.7347958006146469,-3.251123391178347,0.0,0.0,0.0,0.0,0.0,0.0,0.0
13231,Pike,1,Pike,15.8,11.7,11.9,15.4,12.9,5.0,1.9,13.1,1.0479670076376748,-1.0965651229400621,0.31345579147925867,0.6928963419206648,-0.9759001009313216,-0.5803853829372178,-0.7410473693026742,-0.04430534663760855,1.2546413946372839,0.7786295625164479,-4.298740706626196,0.0,0.0,-3.112778876885351,0.0,-2.7632761785267435,0.0,4.598537376831064
13275,Thomas,0,Thomas,18.0,18.0,13.2,30.2,13.9,6.2,5.6,42.4,0.9193099863643779,-0.2855430734290667,-0.35380966141001563,-0.05830193175910313,-0.2285139800962825,-0.08585665971642165,0.19182193442037107,0.043639190222336074,-0.09871462464245298,0.41384012643200313,0.0,0.0,0.0,0.0,0.0,0.0,0.0,0.0
13227,Pickens,73,Pickens,21.8,19.1,11.2,19.3,12.5,4.6,3.6,14.3,2.244354642843978,-0.343527411154642,0.4639515661710209,-0.3332242727611679,-0.10846235756906515,-0.7407409838395861,0.3781289725497148,-0.45111462726397705,1.219168732130849,0.7270172127239136,0.0,0.0,0.0,0.0,-2.8697579789050125,0.0,0.0,5.143516838417765
13281,Towns,0,Towns,34.2,15.5,13.1,20.7,8.3,4.2,2.7,6.3,2.37649287532827,-0.5387800930616249,0.4775500985689442,-0.32568320726374944,-0.07914982633252267,-0.8534824349347686,0.5537951401981089,-0.2934514824732828,0.9613240178486887,0.708938910486536,-2.5526517026823963,0.0,0.0,0.0,-3.49977863689295,0.0,0.0,4.1871560917564725
13127,Glynn,245,Glynn,20.3,14.7,13.6,24.3,11.4,4.8,6.0,36.7,1.7094404827781624,0.24016689313769493,-0.28051859035855004,0.28295090061754696,-0.6337486193011966,-0.4264509295294113,0.10935483533112045,0.22728427960330136,0.37171877442342194,0.4357010580271166,0.0,0.0,0.0,0.0,0.0,0.0,0.0,0.0
13173,Lanier,0,Lanier,13.0,14.5,12.7,42.9,15.1,4.0,10.4,31.9,1.176811617847031,-0.16683591273046824,-0.4200285236562579,-0.07650114559259741,-0.35734644922499964,-0.046094254922559204,0.23616667664593124,0.047791429069126375,-0.15900795873139079,0.3610906598224671,0.0,0.0,0.0,0.0,0.0,0.0,0.0,0.0
13131,Grady,0,Grady,18.2,20.2,19.1,30.7,18.7,3.1,5.9,41.9,0.8507352169484685,-0.27921337625939524,-0.3045876056172214,-0.027350012390074344,-0.22909708083061373,-0.1286381329436207,0.1509053169565339,0.05879899453920653,-0.017762502821476383,0.43347774690443014,0.0,0.0,0.0,0.0,0.0,0.0,0.0,0.0
13013,Barrow,170,Barrow,12.5,13.4,15.3,20.6,13.5,4.8,3.6,30.4,2.3692447715668496,-0.7196551420931458,0.1926979153429613,0.06057807021074762,-0.2925276884280533,-0.7651130721638338,0.5289785512050807,0.051548004344389914,0.6205650308200622,0.7196443145103021,-3.326658030704298,0.0,0.0,0.0,-2.81372690501477,0.0,0.0,2.601784602470974
13241,Rabun,0,Rabun,28.2,21.3,16.7,32.6,15.0,4.1,4.2,12.0,2.4549786876030124,-0.6308383698005615,0.43585927082837084,-0.29671384327730477,-0.0836142720977353,-0.8940413768926341,0.6078462365663444,-0.14546924099406733,0.79963249288967,0.7022441199836503,-2.9613744142909466,0.0,0.0,0.0,-3.6488278052989775,0.0,0.0,3.43181318408859
13263,Talbot,1,Talbot,24.5,19.5,13.8,33.6,17.4,6.5,11.7,59.6,1.054631771073202,-0.7679815662336503,0.12162950297104545,0.7518661052123393,-0.9202811127080524,-0.7008735800654109,-0.4812489370253116,0.09994493247222315,1.1350288959479409,0.7475700719721817,-3.309582706795043,0.0,2.8643630254550745,-3.3784976331491627,0.0,0.0,0.0,4.211169393814646
13097,Douglas,262,Douglas,11.6,11.6,13.0,20.6,12.3,6.7,3.4,61.1,1.665599712719016,-0.45160505998579176,0.31572202804585986,-0.03812842097125674,-0.4102343220398348,-0.5387001460549049,-0.24353743107536513,-0.38817421448262346,1.3598408034605534,0.7453107353932737,0.0,0.0,0.0,0.0,0.0,0.0,0.0,5.234430197806306
13155,Irwin,11,Irwin,19.2,13.8,18.1,36.8,18.8,12.0,7.3,33.6,1.0438331261542508,-0.33813146260036203,-0.40159246653600245,-0.21544168524465038,-0.1957249184659731,-0.027563344702923025,0.2996534410121625,0.08186681195801997,-0.19189486485074247,0.3266142221565784,0.0,0.0,0.0,0.0,0.0,0.0,0.0,0.0
13153,Houston,18,Houston,12.7,12.5,10.8,20.1,7.4,5.5,4.6,44.5,0.9126324594633413,-0.5337344998471198,-0.1653950680231217,0.1613999419936555,-0.1860525145253033,-0.19129940285493988,-0.15826186165736789,0.007755007550040821,0.4059470461500843,0.376628762038748,0.0,0.0,0.0,0.0,0.0,0.0,0.0,0.0
13105,Elbert,8,Elbert,20.7,21.1,13.2,36.7,21.2,7.0,8.6,36.8,2.537831985806758,-0.7878584976201468,-0.2246577199948001,0.14177605244491295,-0.3401300721910931,-0.6013091102568192,0.6565302518847808,0.41287086078389873,0.16475677420809953,0.7016347240711114,-3.6675553479848872,0.0,0.0,0.0,0.0,0.0,0.0,0.0
13163,Jefferson,26,Jefferson,18.2,15.7,12.6,34.6,21.5,6.7,11.7,57.9,1.8819454369363562,-0.8539955852383694,-0.293678434243514,0.30950847499753104,-0.6975358143237298,-0.5014282393593089,0.017464910977639317,0.6053845608407121,0.3016855575064885,0.5851846140682688,-3.024326834366235,0.0,0.0,0.0,0.0,0.0,0.0,0.0
13221,Oglethorpe,35,Oglethorpe,18.0,13.9,11.6,24.6,16.5,5.2,3.8,24.6,2.4977130706530226,-0.8141974855498201,-0.3794824277347729,0.275979903209598,-0.3967867823005326,-0.45405006622037425,0.590198475535781,0.40983899049799966,0.13812282602177328,0.712192171028258,-3.576671596355866,0.0,0.0,0.0,0.0,0.0,0.0,0.0
13039,Camden,1,Camden,13.2,12.4,10.8,24.8,8.2,6.6,5.8,30.4,1.663407498706054,0.24751609874437197,-0.30377682902284525,0.2392385228973965,-0.6259272090137873,-0.35368020474670764,0.13506146907641983,0.16746804743301735,0.29211731375522654,0.42306708913377217,0.0,0.0,0.0,0.0,0.0,0.0,0.0,0.0
